"Program","Year","Period","Week Ending","Geo Level","State","State ANSI","Ag District","Ag District Code","County","County ANSI","Zip Code","Region","watershed_code","Watershed","Commodity","Domain","Domain Category","CATTLE, COWS, MILK - INVENTORY  -  <b>VALUE</b>","CATTLE, COWS, MILK - INVENTORY  -  <b>CV (%)</b>","CATTLE, INCL CALVES - INVENTORY  -  <b>VALUE</b>","CATTLE, INCL CALVES - INVENTORY  -  <b>CV (%)</b>"
"SURVEY","2023","FIRST OF JAN","","COUNTY","OHIO","39","","99","OTHER COUNTIES","","","","00000000","","CATTLE","TOTAL","NOT SPECIFIED","5,800","","500",""
"SURVEY","2023","FIRST OF JAN","","COUNTY","OHIO","39","CENTRAL","50","DELAWARE","041","","","00000000","","CATTLE","TOTAL","NOT SPECIFIED","300","","2,600",""
"SURVEY","2023","FIRST OF JAN","","COUNTY","OHIO","39","CENTRAL","50","FAIRFIELD","045","","","00000000","","CATTLE","TOTAL","NOT SPECIFIED","700","","12,500",""
"SURVEY","2023","FIRST OF JAN","","COUNTY","OHIO","39","CENTRAL","50","FAYETTE","047","","","00000000","","CATTLE","TOTAL","NOT SPECIFIED","1,400","","5,300",""
"SURVEY","2023","FIRST OF JAN","","COUNTY","OHIO","39","CENTRAL","50","FRANKLIN","049","","","00000000","","CATTLE","TOTAL","NOT SPECIFIED","","","800",""
"SURVEY","2023","FIRST OF JAN","","COUNTY","OHIO","39","CENTRAL","50","KNOX","083","","","00000000","","CATTLE","TOTAL","NOT SPECIFIED","3,200","","17,100",""
"SURVEY","2023","FIRST OF JAN","","COUNTY","OHIO","39","CENTRAL","50","LICKING","089","","","00000000","","CATTLE","TOTAL","NOT SPECIFIED","3,500","","22,500",""
"SURVEY","2023","FIRST OF JAN","","COUNTY","OHIO","39","CENTRAL","50","MADISON","097","","","00000000","","CATTLE","TOTAL","NOT SPECIFIED","4,000","","11,000",""
"SURVEY","2023","FIRST OF JAN","","COUNTY","OHIO","39","CENTRAL","50","MARION","101","","","00000000","","CATTLE","TOTAL","NOT SPECIFIED","3,800","","6,300",""
"SURVEY","2023","FIRST OF JAN","","COUNTY","OHIO","39","CENTRAL","50","MORROW","117","","","00000000","","CATTLE","TOTAL","NOT SPECIFIED","1,500","","9,500",""
"SURVEY","2023","FIRST OF JAN","","COUNTY","OHIO","39","CENTRAL","50","PICKAWAY","129","","","00000000","","CATTLE","TOTAL","NOT SPECIFIED","1,700","","8,500",""
"SURVEY","2023","FIRST OF JAN","","COUNTY","OHIO","39","CENTRAL","50","ROSS","141","","","00000000","","CATTLE","TOTAL","NOT SPECIFIED","1,500","","14,000",""
"SURVEY","2023","FIRST OF JAN","","COUNTY","OHIO","39","CENTRAL","50","UNION","159","","","00000000","","CATTLE","TOTAL","NOT SPECIFIED","1,600","","10,000",""
"SURVEY","2023","FIRST OF JAN","","COUNTY","OHIO","39","EAST CENTRAL","60","BELMONT","013","","","00000000","","CATTLE","TOTAL","NOT SPECIFIED","700","","19,000",""
"SURVEY","2023","FIRST OF JAN","","COUNTY","OHIO","39","EAST CENTRAL","60","CARROLL","019","","","00000000","","CATTLE","TOTAL","NOT SPECIFIED","2,900","","16,000",""
"SURVEY","2023","FIRST OF JAN","","COUNTY","OHIO","39","EAST CENTRAL","60","COSHOCTON","031","","","00000000","","CATTLE","TOTAL","NOT SPECIFIED","3,000","","24,500",""
"SURVEY","2023","FIRST OF JAN","","COUNTY","OHIO","39","EAST CENTRAL","60","HARRISON","067","","","00000000","","CATTLE","TOTAL","NOT SPECIFIED","200","","11,000",""
"SURVEY","2023","FIRST OF JAN","","COUNTY","OHIO","39","EAST CENTRAL","60","HOLMES","075","","","00000000","","CATTLE","TOTAL","NOT SPECIFIED","16,500","","64,000",""
"SURVEY","2023","FIRST OF JAN","","COUNTY","OHIO","39","EAST CENTRAL","60","JEFFERSON","081","","","00000000","","CATTLE","TOTAL","NOT SPECIFIED","900","","8,500",""
"SURVEY","2023","FIRST OF JAN","","COUNTY","OHIO","39","EAST CENTRAL","60","TUSCARAWAS","157","","","00000000","","CATTLE","TOTAL","NOT SPECIFIED","8,500","","32,000",""
"SURVEY","2023","FIRST OF JAN","","COUNTY","OHIO","39","NORTH CENTRAL","20","ASHLAND","005","","","00000000","","CATTLE","TOTAL","NOT SPECIFIED","6,600","","26,500",""
"SURVEY","2023","FIRST OF JAN","","COUNTY","OHIO","39","NORTH CENTRAL","20","CRAWFORD","033","","","00000000","","CATTLE","TOTAL","NOT SPECIFIED","1,600","","8,100",""
"SURVEY","2023","FIRST OF JAN","","COUNTY","OHIO","39","NORTH CENTRAL","20","ERIE","043","","","00000000","","CATTLE","TOTAL","NOT SPECIFIED","200","","2,300",""
"SURVEY","2023","FIRST OF JAN","","COUNTY","OHIO","39","NORTH CENTRAL","20","HURON","077","","","00000000","","CATTLE","TOTAL","NOT SPECIFIED","2,800","","9,500",""
"SURVEY","2023","FIRST OF JAN","","COUNTY","OHIO","39","NORTH CENTRAL","20","LORAIN","093","","","00000000","","CATTLE","TOTAL","NOT SPECIFIED","3,100","","10,500",""
"SURVEY","2023","FIRST OF JAN","","COUNTY","OHIO","39","NORTH CENTRAL","20","OTTAWA","123","","","00000000","","CATTLE","TOTAL","NOT SPECIFIED","","","1,200",""
"SURVEY","2023","FIRST OF JAN","","COUNTY","OHIO","39","NORTH CENTRAL","20","RICHLAND","139","","","00000000","","CATTLE","TOTAL","NOT SPECIFIED","7,700","","24,500",""
"SURVEY","2023","FIRST OF JAN","","COUNTY","OHIO","39","NORTH CENTRAL","20","SANDUSKY","143","","","00000000","","CATTLE","TOTAL","NOT SPECIFIED","1,000","","4,800",""
"SURVEY","2023","FIRST OF JAN","","COUNTY","OHIO","39","NORTH CENTRAL","20","SENECA","147","","","00000000","","CATTLE","TOTAL","NOT SPECIFIED","300","","9,100",""
"SURVEY","2023","FIRST OF JAN","","COUNTY","OHIO","39","NORTH CENTRAL","20","WYANDOT","175","","","00000000","","CATTLE","TOTAL","NOT SPECIFIED","1,500","","3,000",""
"SURVEY","2023","FIRST OF JAN","","COUNTY","OHIO","39","NORTHEAST","30","ASHTABULA","007","","","00000000","","CATTLE","TOTAL","NOT SPECIFIED","4,600","","15,500",""
"SURVEY","2023","FIRST OF JAN","","COUNTY","OHIO","39","NORTHEAST","30","COLUMBIANA","029","","","00000000","","CATTLE","TOTAL","NOT SPECIFIED","8,200","","29,000",""
"SURVEY","2023","FIRST OF JAN","","COUNTY","OHIO","39","NORTHEAST","30","GEAUGA","055","","","00000000","","CATTLE","TOTAL","NOT SPECIFIED","3,000","","9,500",""
"SURVEY","2023","FIRST OF JAN","","COUNTY","OHIO","39","NORTHEAST","30","LAKE","085","","","00000000","","CATTLE","TOTAL","NOT SPECIFIED","100","","700",""
"SURVEY","2023","FIRST OF JAN","","COUNTY","OHIO","39","NORTHEAST","30","MAHONING","099","","","00000000","","CATTLE","TOTAL","NOT SPECIFIED","5,000","","13,500",""
"SURVEY","2023","FIRST OF JAN","","COUNTY","OHIO","39","NORTHEAST","30","MEDINA","103","","","00000000","","CATTLE","TOTAL","NOT SPECIFIED","1,900","","8,700",""
"SURVEY","2023","FIRST OF JAN","","COUNTY","OHIO","39","NORTHEAST","30","PORTAGE","133","","","00000000","","CATTLE","TOTAL","NOT SPECIFIED","1,300","","7,200",""
"SURVEY","2023","FIRST OF JAN","","COUNTY","OHIO","39","NORTHEAST","30","STARK","151","","","00000000","","CATTLE","TOTAL","NOT SPECIFIED","7,500","","23,500",""
"SURVEY","2023","FIRST OF JAN","","COUNTY","OHIO","39","NORTHEAST","30","SUMMIT","153","","","00000000","","CATTLE","TOTAL","NOT SPECIFIED"," (D)","","600",""
"SURVEY","2023","FIRST OF JAN","","COUNTY","OHIO","39","NORTHEAST","30","TRUMBULL","155","","","00000000","","CATTLE","TOTAL","NOT SPECIFIED","2,600","","10,500",""
"SURVEY","2023","FIRST OF JAN","","COUNTY","OHIO","39","NORTHEAST","30","WAYNE","169","","","00000000","","CATTLE","TOTAL","NOT SPECIFIED","31,500","","90,000",""
"SURVEY","2023","FIRST OF JAN","","COUNTY","OHIO","39","NORTHWEST","10","ALLEN","003","","","00000000","","CATTLE","TOTAL","NOT SPECIFIED"," (D)","","5,800",""
"SURVEY","2023","FIRST OF JAN","","COUNTY","OHIO","39","NORTHWEST","10","DEFIANCE","039","","","00000000","","CATTLE","TOTAL","NOT SPECIFIED","4,300","","9,900",""
"SURVEY","2023","FIRST OF JAN","","COUNTY","OHIO","39","NORTHWEST","10","FULTON","051","","","00000000","","CATTLE","TOTAL","NOT SPECIFIED","2,700","","32,000",""
"SURVEY","2023","FIRST OF JAN","","COUNTY","OHIO","39","NORTHWEST","10","HANCOCK","063","","","00000000","","CATTLE","TOTAL","NOT SPECIFIED","1,000","","3,000",""
"SURVEY","2023","FIRST OF JAN","","COUNTY","OHIO","39","NORTHWEST","10","HENRY","069","","","00000000","","CATTLE","TOTAL","NOT SPECIFIED","1,700","","7,100",""
"SURVEY","2023","FIRST OF JAN","","COUNTY","OHIO","39","NORTHWEST","10","LUCAS","095","","","00000000","","CATTLE","TOTAL","NOT SPECIFIED","",""," (D)",""
"SURVEY","2023","FIRST OF JAN","","COUNTY","OHIO","39","NORTHWEST","10","PAULDING","125","","","00000000","","CATTLE","TOTAL","NOT SPECIFIED","9,300","","10,000",""
"SURVEY","2023","FIRST OF JAN","","COUNTY","OHIO","39","NORTHWEST","10","PUTNAM","137","","","00000000","","CATTLE","TOTAL","NOT SPECIFIED","4,600","","15,000",""
"SURVEY","2023","FIRST OF JAN","","COUNTY","OHIO","39","NORTHWEST","10","VAN WERT","161","","","00000000","","CATTLE","TOTAL","NOT SPECIFIED","3,100","","11,000",""
"SURVEY","2023","FIRST OF JAN","","COUNTY","OHIO","39","NORTHWEST","10","WILLIAMS","171","","","00000000","","CATTLE","TOTAL","NOT SPECIFIED","5,300","","16,500",""
"SURVEY","2023","FIRST OF JAN","","COUNTY","OHIO","39","NORTHWEST","10","WOOD","173","","","00000000","","CATTLE","TOTAL","NOT SPECIFIED"," (D)","","6,200",""
"SURVEY","2023","FIRST OF JAN","","COUNTY","OHIO","39","SOUTH CENTRAL","80","ADAMS","001","","","00000000","","CATTLE","TOTAL","NOT SPECIFIED","2,100","","25,000",""
"SURVEY","2023","FIRST OF JAN","","COUNTY","OHIO","39","SOUTH CENTRAL","80","BROWN","015","","","00000000","","CATTLE","TOTAL","NOT SPECIFIED","600","","17,000",""
"SURVEY","2023","FIRST OF JAN","","COUNTY","OHIO","39","SOUTH CENTRAL","80","GALLIA","053","","","00000000","","CATTLE","TOTAL","NOT SPECIFIED","100","","16,500",""
"SURVEY","2023","FIRST OF JAN","","COUNTY","OHIO","39","SOUTH CENTRAL","80","HIGHLAND","071","","","00000000","","CATTLE","TOTAL","NOT SPECIFIED","1,800","","21,500",""
"SURVEY","2023","FIRST OF JAN","","COUNTY","OHIO","39","SOUTH CENTRAL","80","JACKSON","079","","","00000000","","CATTLE","TOTAL","NOT SPECIFIED","300","","10,400",""
"SURVEY","2023","FIRST OF JAN","","COUNTY","OHIO","39","SOUTH CENTRAL","80","LAWRENCE","087","","","00000000","","CATTLE","TOTAL","NOT SPECIFIED","100","","5,300",""
"SURVEY","2023","FIRST OF JAN","","COUNTY","OHIO","39","SOUTH CENTRAL","80","PIKE","131","","","00000000","","CATTLE","TOTAL","NOT SPECIFIED","400","","6,500",""
"SURVEY","2023","FIRST OF JAN","","COUNTY","OHIO","39","SOUTH CENTRAL","80","SCIOTO","145","","","00000000","","CATTLE","TOTAL","NOT SPECIFIED","300","","7,900",""
"SURVEY","2023","FIRST OF JAN","","COUNTY","OHIO","39","SOUTHEAST","90","ATHENS","009","","","00000000","","CATTLE","TOTAL","NOT SPECIFIED","300","","7,300",""
"SURVEY","2023","FIRST OF JAN","","COUNTY","OHIO","39","SOUTHEAST","90","GUERNSEY","059","","","00000000","","CATTLE","TOTAL","NOT SPECIFIED","500","","18,500",""
"SURVEY","2023","FIRST OF JAN","","COUNTY","OHIO","39","SOUTHEAST","90","HOCKING","073","","","00000000","","CATTLE","TOTAL","NOT SPECIFIED","100","","2,000",""
"SURVEY","2023","FIRST OF JAN","","COUNTY","OHIO","39","SOUTHEAST","90","MEIGS","105","","","00000000","","CATTLE","TOTAL","NOT SPECIFIED","1,000","","9,500",""
"SURVEY","2023","FIRST OF JAN","","COUNTY","OHIO","39","SOUTHEAST","90","MONROE","111","","","00000000","","CATTLE","TOTAL","NOT SPECIFIED","700","","14,000",""
"SURVEY","2023","FIRST OF JAN","","COUNTY","OHIO","39","SOUTHEAST","90","MORGAN","115","","","00000000","","CATTLE","TOTAL","NOT SPECIFIED","900","","13,000",""
"SURVEY","2023","FIRST OF JAN","","COUNTY","OHIO","39","SOUTHEAST","90","MUSKINGUM","119","","","00000000","","CATTLE","TOTAL","NOT SPECIFIED","1,000","","30,500",""
"SURVEY","2023","FIRST OF JAN","","COUNTY","OHIO","39","SOUTHEAST","90","NOBLE","121","","","00000000","","CATTLE","TOTAL","NOT SPECIFIED","100","","11,500",""
"SURVEY","2023","FIRST OF JAN","","COUNTY","OHIO","39","SOUTHEAST","90","PERRY","127","","","00000000","","CATTLE","TOTAL","NOT SPECIFIED","300","","8,400",""
"SURVEY","2023","FIRST OF JAN","","COUNTY","OHIO","39","SOUTHEAST","90","VINTON","163","","","00000000","","CATTLE","TOTAL","NOT SPECIFIED","100","","2,900",""
"SURVEY","2023","FIRST OF JAN","","COUNTY","OHIO","39","SOUTHEAST","90","WASHINGTON","167","","","00000000","","CATTLE","TOTAL","NOT SPECIFIED","2,000","","19,000",""
"SURVEY","2023","FIRST OF JAN","","COUNTY","OHIO","39","SOUTHWEST","70","BUTLER","017","","","00000000","","CATTLE","TOTAL","NOT SPECIFIED","300","","13,500",""
"SURVEY","2023","FIRST OF JAN","","COUNTY","OHIO","39","SOUTHWEST","70","CLERMONT","025","","","00000000","","CATTLE","TOTAL","NOT SPECIFIED","100","","4,600",""
"SURVEY","2023","FIRST OF JAN","","COUNTY","OHIO","39","SOUTHWEST","70","CLINTON","027","","","00000000","","CATTLE","TOTAL","NOT SPECIFIED","500","","5,700",""
"SURVEY","2023","FIRST OF JAN","","COUNTY","OHIO","39","SOUTHWEST","70","GREENE","057","","","00000000","","CATTLE","TOTAL","NOT SPECIFIED","700","","4,700",""
"SURVEY","2023","FIRST OF JAN","","COUNTY","OHIO","39","SOUTHWEST","70","HAMILTON","061","","","00000000","","CATTLE","TOTAL","NOT SPECIFIED"," (D)","","1,400",""
"SURVEY","2023","FIRST OF JAN","","COUNTY","OHIO","39","SOUTHWEST","70","MONTGOMERY","113","","","00000000","","CATTLE","TOTAL","NOT SPECIFIED","200","","8,500",""
"SURVEY","2023","FIRST OF JAN","","COUNTY","OHIO","39","SOUTHWEST","70","PREBLE","135","","","00000000","","CATTLE","TOTAL","NOT SPECIFIED","1,100","","18,000",""
"SURVEY","2023","FIRST OF JAN","","COUNTY","OHIO","39","SOUTHWEST","70","WARREN","165","","","00000000","","CATTLE","TOTAL","NOT SPECIFIED","100","","3,800",""
"SURVEY","2023","FIRST OF JAN","","COUNTY","OHIO","39","WEST CENTRAL","40","AUGLAIZE","011","","","00000000","","CATTLE","TOTAL","NOT SPECIFIED","5,300","","24,000",""
"SURVEY","2023","FIRST OF JAN","","COUNTY","OHIO","39","WEST CENTRAL","40","CHAMPAIGN","021","","","00000000","","CATTLE","TOTAL","NOT SPECIFIED","1,100","","8,300",""
"SURVEY","2023","FIRST OF JAN","","COUNTY","OHIO","39","WEST CENTRAL","40","CLARK","023","","","00000000","","CATTLE","TOTAL","NOT SPECIFIED"," (D)","","16,500",""
"SURVEY","2023","FIRST OF JAN","","COUNTY","OHIO","39","WEST CENTRAL","40","DARKE","037","","","00000000","","CATTLE","TOTAL","NOT SPECIFIED","8,000","","38,500",""
"SURVEY","2023","FIRST OF JAN","","COUNTY","OHIO","39","WEST CENTRAL","40","HARDIN","065","","","00000000","","CATTLE","TOTAL","NOT SPECIFIED","7,300","","13,000",""
"SURVEY","2023","FIRST OF JAN","","COUNTY","OHIO","39","WEST CENTRAL","40","LOGAN","091","","","00000000","","CATTLE","TOTAL","NOT SPECIFIED","3,200","","10,000",""
"SURVEY","2023","FIRST OF JAN","","COUNTY","OHIO","39","WEST CENTRAL","40","MERCER","107","","","00000000","","CATTLE","TOTAL","NOT SPECIFIED","16,700","","77,000",""
"SURVEY","2023","FIRST OF JAN","","COUNTY","OHIO","39","WEST CENTRAL","40","MIAMI","109","","","00000000","","CATTLE","TOTAL","NOT SPECIFIED","1,300","","9,500",""
"SURVEY","2023","FIRST OF JAN","","COUNTY","OHIO","39","WEST CENTRAL","40","SHELBY","149","","","00000000","","CATTLE","TOTAL","NOT SPECIFIED","7,200","","26,000",""
